timestamp,cpu_percent
2025-06-01 00:00:00,25.24
2025-06-01 00:01:00,19.92
2025-06-01 00:02:00,27.15
2025-06-01 00:03:00,27.98
2025-06-01 00:04:00,16.48
2025-06-01 00:05:00,19.14
2025-06-01 00:06:00,24.93
2025-06-01 00:07:00,23.22
2025-06-01 00:08:00,24.49
2025-06-01 00:09:00,21.22
2025-06-01 00:10:00,28.22
2025-06-01 00:11:00,27.88
2025-06-01 00:12:00,25.1
2025-06-01 00:13:00,29.42
2025-06-01 00:14:00,26.85
2025-06-01 00:15:00,21.62
2025-06-01 00:16:00,26.6
2025-06-01 00:17:00,21.37
2025-06-01 00:18:00,28.79
2025-06-01 00:19:00,25.15
2025-06-01 00:20:00,24.69
2025-06-01 00:21:00,22.78
2025-06-01 00:22:00,30.47
2025-06-01 00:23:00,25.03
2025-06-01 00:24:00,24.02
2025-06-01 00:25:00,24.4
2025-06-01 00:26:00,28.01
2025-06-01 00:27:00,27.42
2025-06-01 00:28:00,27.69
2025-06-01 00:29:00,27.84
2025-06-01 00:30:00,34.77
2025-06-01 00:31:00,24.65
2025-06-01 00:32:00,24.31
2025-06-01 00:33:00,23.19
2025-06-01 00:34:00,28.99
2025-06-01 00:35:00,31.12
2025-06-01 00:36:00,26.23
2025-06-01 00:37:00,23.41
2025-06-01 00:38:00,23.55
2025-06-01 00:39:00,29.54
2025-06-01 00:40:00,29.99
2025-06-01 00:41:00,29.28
2025-06-01 00:42:00,24.53
2025-06-01 00:43:00,28.2
2025-06-01 00:44:00,27.83
2025-06-01 00:45:00,28.32
2025-06-01 00:46:00,31.02
2025-06-01 00:47:00,28.51
2025-06-01 00:48:00,30.42
2025-06-01 00:49:00,28.06
2025-06-01 00:50:00,29.04
2025-06-01 00:51:00,30.5
2025-06-01 00:52:00,22.23
2025-06-01 00:53:00,26.87
2025-06-01 00:54:00,26.36
2025-06-01 00:55:00,25.77
2025-06-01 00:56:00,27.32
2025-06-01 00:57:00,34.49
2025-06-01 00:58:00,25.14
2025-06-01 00:59:00,32.57
2025-06-01 01:00:00,22.06
2025-06-01 01:01:00,27.54
2025-06-01 01:02:00,29.62
2025-06-01 01:03:00,31.41
2025-06-01 01:04:00,32.01
2025-06-01 01:05:00,32.43
2025-06-01 01:06:00,27.95
2025-06-01 01:07:00,27.6
2025-06-01 01:08:00,32.97
2025-06-01 01:09:00,28.87
2025-06-01 01:10:00,24.63
2025-06-01 01:11:00,25.3
2025-06-01 01:12:00,26.25
2025-06-01 01:13:00,32.01
2025-06-01 01:14:00,30.69
2025-06-01 01:15:00,32.98
2025-06-01 01:16:00,28.61
2025-06-01 01:17:00,31.05
2025-06-01 01:18:00,33.02
2025-06-01 01:19:00,29.38
2025-06-01 01:20:00,32.54
2025-06-01 01:21:00,28.17
2025-06-01 01:22:00,29.47
2025-06-01 01:23:00,29.49
2025-06-01 01:24:00,26.34
2025-06-01 01:25:00,33.17
2025-06-01 01:26:00,29.45
2025-06-01 01:27:00,43.14
2025-06-01 01:28:00,33.45
2025-06-01 01:29:00,33.42
2025-06-01 01:30:00,34.4
2025-06-01 01:31:00,31.45
2025-06-01 01:32:00,30.25
2025-06-01 01:33:00,31.73
2025-06-01 01:34:00,25.41
2025-06-01 01:35:00,26.47
2025-06-01 01:36:00,27.08
2025-06-01 01:37:00,28.48
2025-06-01 01:38:00,34.18
2025-06-01 01:39:00,29.06
2025-06-01 01:40:00,31.28
2025-06-01 01:41:00,38.1
2025-06-01 01:42:00,31.58
2025-06-01 01:43:00,36.07
2025-06-01 01:44:00,29.49
2025-06-01 01:45:00,32.51
2025-06-01 01:46:00,29.64
2025-06-01 01:47:00,32.2
2025-06-01 01:48:00,37.02
2025-06-01 01:49:00,26.86
2025-06-01 01:50:00,35.62
2025-06-01 01:51:00,34.94
2025-06-01 01:52:00,31.73
2025-06-01 01:53:00,28.43
2025-06-01 01:54:00,34.61
2025-06-01 01:55:00,32.32
2025-06-01 01:56:00,35.48
2025-06-01 01:57:00,34.75
2025-06-01 01:58:00,41.18
2025-06-01 01:59:00,33.93
2025-06-01 02:00:00,30.91
2025-06-01 02:01:00,35.83
2025-06-01 02:02:00,36.11
2025-06-01 02:03:00,40.78
2025-06-01 02:04:00,38.8
2025-06-01 02:05:00,37.0
2025-06-01 02:06:00,41.54
2025-06-01 02:07:00,31.05
2025-06-01 02:08:00,33.36
2025-06-01 02:09:00,32.33
2025-06-01 02:10:00,34.59
2025-06-01 02:11:00,30.76
2025-06-01 02:12:00,38.92
2025-06-01 02:13:00,35.61
2025-06-01 02:14:00,30.73
2025-06-01 02:15:00,32.67
2025-06-01 02:16:00,57.36
2025-06-01 02:17:00,40.32
2025-06-01 02:18:00,45.07
2025-06-01 02:19:00,48.86
2025-06-01 02:20:00,38.98
2025-06-01 02:21:00,33.48
2025-06-01 02:22:00,29.03
2025-06-01 02:23:00,38.75
2025-06-01 02:24:00,34.55
2025-06-01 02:25:00,36.26
2025-06-01 02:26:00,35.59
2025-06-01 02:27:00,37.59
2025-06-01 02:28:00,42.54
2025-06-01 02:29:00,39.03
2025-06-01 02:30:00,37.88
2025-06-01 02:31:00,34.5
2025-06-01 02:32:00,32.06
2025-06-01 02:33:00,36.94
2025-06-01 02:34:00,38.79
2025-06-01 02:35:00,46.2
2025-06-01 02:36:00,39.77
2025-06-01 02:37:00,43.3
2025-06-01 02:38:00,37.5
2025-06-01 02:39:00,34.88
2025-06-01 02:40:00,35.88
2025-06-01 02:41:00,36.96
2025-06-01 02:42:00,48.5
2025-06-01 02:43:00,36.82
2025-06-01 02:44:00,43.59
2025-06-01 02:45:00,36.75
2025-06-01 02:46:00,44.21
2025-06-01 02:47:00,42.14
2025-06-01 02:48:00,40.1
2025-06-01 02:49:00,40.69
2025-06-01 02:50:00,38.36
2025-06-01 02:51:00,42.89
2025-06-01 02:52:00,39.41
2025-06-01 02:53:00,36.45
2025-06-01 02:54:00,36.37
2025-06-01 02:55:00,42.3
2025-06-01 02:56:00,48.05
2025-06-01 02:57:00,42.5
2025-06-01 02:58:00,41.51
2025-06-01 02:59:00,43.25
2025-06-01 03:00:00,47.46
2025-06-01 03:01:00,43.24
2025-06-01 03:02:00,40.84
2025-06-01 03:03:00,47.04
2025-06-01 03:04:00,44.46
2025-06-01 03:05:00,49.01
2025-06-01 03:06:00,43.73
2025-06-01 03:07:00,38.23
2025-06-01 03:08:00,37.78
2025-06-01 03:09:00,49.98
2025-06-01 03:10:00,50.4
2025-06-01 03:11:00,42.92
2025-06-01 03:12:00,42.23
2025-06-01 03:13:00,49.74
2025-06-01 03:14:00,39.59
2025-06-01 03:15:00,40.57
2025-06-01 03:16:00,46.85
2025-06-01 03:17:00,42.83
2025-06-01 03:18:00,44.51
2025-06-01 03:19:00,44.01
2025-06-01 03:20:00,46.14
2025-06-01 03:21:00,50.55
2025-06-01 03:22:00,45.41
2025-06-01 03:23:00,47.75
2025-06-01 03:24:00,37.11
2025-06-01 03:25:00,45.24
2025-06-01 03:26:00,42.19
2025-06-01 03:27:00,40.82
2025-06-01 03:28:00,42.31
2025-06-01 03:29:00,44.62
2025-06-01 03:30:00,49.75
2025-06-01 03:31:00,40.91
2025-06-01 03:32:00,46.47
2025-06-01 03:33:00,44.54
2025-06-01 03:34:00,45.29
2025-06-01 03:35:00,50.75
2025-06-01 03:36:00,49.02
2025-06-01 03:37:00,52.34
2025-06-01 03:38:00,46.51
2025-06-01 03:39:00,44.47
2025-06-01 03:40:00,46.49
2025-06-01 03:41:00,48.49
2025-06-01 03:42:00,48.35
2025-06-01 03:43:00,43.44
2025-06-01 03:44:00,48.27
2025-06-01 03:45:00,48.95
2025-06-01 03:46:00,58.24
2025-06-01 03:47:00,55.81
2025-06-01 03:48:00,45.02
2025-06-01 03:49:00,47.41
2025-06-01 03:50:00,42.84
2025-06-01 03:51:00,46.46
2025-06-01 03:52:00,50.22
2025-06-01 03:53:00,53.91
2025-06-01 03:54:00,46.3
2025-06-01 03:55:00,46.73
2025-06-01 03:56:00,40.89
2025-06-01 03:57:00,48.96
2025-06-01 03:58:00,45.49
2025-06-01 03:59:00,47.75
2025-06-01 04:00:00,46.49
2025-06-01 04:01:00,49.75
2025-06-01 04:02:00,43.23
2025-06-01 04:03:00,44.52
2025-06-01 04:04:00,59.04
2025-06-01 04:05:00,45.5
2025-06-01 04:06:00,46.4
2025-06-01 04:07:00,58.26
2025-06-01 04:08:00,62.67
2025-06-01 04:09:00,46.49
2025-06-01 04:10:00,49.84
2025-06-01 04:11:00,52.81
2025-06-01 04:12:00,58.48
2025-06-01 04:13:00,47.75
2025-06-01 04:14:00,50.85
2025-06-01 04:15:00,55.07
2025-06-01 04:16:00,53.83
2025-06-01 04:17:00,50.72
2025-06-01 04:18:00,51.82
2025-06-01 04:19:00,46.98
2025-06-01 04:20:00,51.66
2025-06-01 04:21:00,51.68
2025-06-01 04:22:00,53.8
2025-06-01 04:23:00,50.78
2025-06-01 04:24:00,55.02
2025-06-01 04:25:00,57.32
2025-06-01 04:26:00,54.02
2025-06-01 04:27:00,54.93
2025-06-01 04:28:00,53.87
2025-06-01 04:29:00,53.79
2025-06-01 04:30:00,51.03
2025-06-01 04:31:00,55.31
2025-06-01 04:32:00,53.79
2025-06-01 04:33:00,62.68
2025-06-01 04:34:00,60.73
2025-06-01 04:35:00,56.11
2025-06-01 04:36:00,51.64
2025-06-01 04:37:00,50.37
2025-06-01 04:38:00,59.72
2025-06-01 04:39:00,56.13
2025-06-01 04:40:00,57.13
2025-06-01 04:41:00,48.36
2025-06-01 04:42:00,59.18
2025-06-01 04:43:00,57.41
2025-06-01 04:44:00,51.28
2025-06-01 04:45:00,53.97
2025-06-01 04:46:00,57.04
2025-06-01 04:47:00,56.32
2025-06-01 04:48:00,55.07
2025-06-01 04:49:00,55.95
2025-06-01 04:50:00,55.49
2025-06-01 04:51:00,57.23
2025-06-01 04:52:00,62.63
2025-06-01 04:53:00,46.61
2025-06-01 04:54:00,56.06
2025-06-01 04:55:00,57.84
2025-06-01 04:56:00,58.44
2025-06-01 04:57:00,55.9
2025-06-01 04:58:00,50.48
2025-06-01 04:59:00,58.95
2025-06-01 05:00:00,64.67
2025-06-01 05:01:00,51.76
2025-06-01 05:02:00,61.47
2025-06-01 05:03:00,56.83
2025-06-01 05:04:00,58.02
2025-06-01 05:05:00,54.18
2025-06-01 05:06:00,57.18
2025-06-01 05:07:00,63.85
2025-06-01 05:08:00,61.1
2025-06-01 05:09:00,65.83
2025-06-01 05:10:00,63.73
2025-06-01 05:11:00,60.9
2025-06-01 05:12:00,66.25
2025-06-01 05:13:00,61.15
2025-06-01 05:14:00,62.83
2025-06-01 05:15:00,58.46
2025-06-01 05:16:00,60.03
2025-06-01 05:17:00,57.1
2025-06-01 05:18:00,63.97
2025-06-01 05:19:00,55.42
2025-06-01 05:20:00,63.39
2025-06-01 05:21:00,59.62
2025-06-01 05:22:00,65.19
2025-06-01 05:23:00,63.63
2025-06-01 05:24:00,68.03
2025-06-01 05:25:00,63.8
2025-06-01 05:26:00,54.71
2025-06-01 05:27:00,60.85
2025-06-01 05:28:00,56.55
2025-06-01 05:29:00,59.29
2025-06-01 05:30:00,67.53
2025-06-01 05:31:00,64.15
2025-06-01 05:32:00,58.93
2025-06-01 05:33:00,57.79
2025-06-01 05:34:00,62.09
2025-06-01 05:35:00,57.22
2025-06-01 05:36:00,59.52
2025-06-01 05:37:00,63.57
2025-06-01 05:38:00,67.06
2025-06-01 05:39:00,64.99
2025-06-01 05:40:00,53.51
2025-06-01 05:41:00,64.01
2025-06-01 05:42:00,63.2
2025-06-01 05:43:00,64.69
2025-06-01 05:44:00,69.62
2025-06-01 05:45:00,55.02
2025-06-01 05:46:00,61.02
2025-06-01 05:47:00,65.87
2025-06-01 05:48:00,57.29
2025-06-01 05:49:00,69.64
2025-06-01 05:50:00,65.33
2025-06-01 05:51:00,67.35
2025-06-01 05:52:00,61.8
2025-06-01 05:53:00,67.45
2025-06-01 05:54:00,68.59
2025-06-01 05:55:00,65.36
2025-06-01 05:56:00,82.73
2025-06-01 05:57:00,65.74
2025-06-01 05:58:00,61.32
2025-06-01 05:59:00,64.3
2025-06-01 06:00:00,64.39
2025-06-01 06:01:00,66.65
2025-06-01 06:02:00,69.23
2025-06-01 06:03:00,61.1
2025-06-01 06:04:00,64.95
2025-06-01 06:05:00,71.49
2025-06-01 06:06:00,62.7
2025-06-01 06:07:00,62.5
2025-06-01 06:08:00,66.71
2025-06-01 06:09:00,69.39
2025-06-01 06:10:00,66.16
2025-06-01 06:11:00,71.55
2025-06-01 06:12:00,69.77
2025-06-01 06:13:00,69.82
2025-06-01 06:14:00,68.77
2025-06-01 06:15:00,75.98
2025-06-01 06:16:00,65.96
2025-06-01 06:17:00,58.87
2025-06-01 06:18:00,73.41
2025-06-01 06:19:00,65.27
2025-06-01 06:20:00,67.64
2025-06-01 06:21:00,72.55
2025-06-01 06:22:00,61.01
2025-06-01 06:23:00,62.52
2025-06-01 06:24:00,61.23
2025-06-01 06:25:00,64.56
2025-06-01 06:26:00,69.6
2025-06-01 06:27:00,70.05
2025-06-01 06:28:00,69.16
2025-06-01 06:29:00,62.51
2025-06-01 06:30:00,59.02
2025-06-01 06:31:00,68.58
2025-06-01 06:32:00,66.58
2025-06-01 06:33:00,70.41
2025-06-01 06:34:00,71.48
2025-06-01 06:35:00,69.33
2025-06-01 06:36:00,71.92
2025-06-01 06:37:00,69.9
2025-06-01 06:38:00,71.2
2025-06-01 06:39:00,66.36
2025-06-01 06:40:00,68.57
2025-06-01 06:41:00,70.17
2025-06-01 06:42:00,72.77
2025-06-01 06:43:00,68.01
2025-06-01 06:44:00,71.77
2025-06-01 06:45:00,68.72
2025-06-01 06:46:00,69.41
2025-06-01 06:47:00,73.29
2025-06-01 06:48:00,62.1
2025-06-01 06:49:00,64.99
2025-06-01 06:50:00,64.34
2025-06-01 06:51:00,61.03
2025-06-01 06:52:00,67.75
2025-06-01 06:53:00,73.55
2025-06-01 06:54:00,69.51
2025-06-01 06:55:00,71.54
2025-06-01 06:56:00,75.2
2025-06-01 06:57:00,76.24
2025-06-01 06:58:00,70.75
2025-06-01 06:59:00,76.53
2025-06-01 07:00:00,71.58
2025-06-01 07:01:00,67.96
2025-06-01 07:02:00,69.02
2025-06-01 07:03:00,65.57
2025-06-01 07:04:00,68.03
2025-06-01 07:05:00,70.24
2025-06-01 07:06:00,74.98
2025-06-01 07:07:00,78.73
2025-06-01 07:08:00,66.41
2025-06-01 07:09:00,73.6
2025-06-01 07:10:00,78.45
2025-06-01 07:11:00,74.11
2025-06-01 07:12:00,71.77
2025-06-01 07:13:00,65.06
2025-06-01 07:14:00,76.18
2025-06-01 07:15:00,70.14
2025-06-01 07:16:00,70.51
2025-06-01 07:17:00,68.45
2025-06-01 07:18:00,70.2
2025-06-01 07:19:00,74.61
2025-06-01 07:20:00,72.22
2025-06-01 07:21:00,74.38
2025-06-01 07:22:00,74.6
2025-06-01 07:23:00,78.51
2025-06-01 07:24:00,71.94
2025-06-01 07:25:00,67.49
2025-06-01 07:26:00,77.75
2025-06-01 07:27:00,72.23
2025-06-01 07:28:00,90.12
2025-06-01 07:29:00,75.25
2025-06-01 07:30:00,73.28
2025-06-01 07:31:00,75.28
2025-06-01 07:32:00,81.76
2025-06-01 07:33:00,82.35
2025-06-01 07:34:00,74.39
2025-06-01 07:35:00,74.83
2025-06-01 07:36:00,78.58
2025-06-01 07:37:00,70.96
2025-06-01 07:38:00,75.76
2025-06-01 07:39:00,74.4
2025-06-01 07:40:00,75.83
2025-06-01 07:41:00,71.32
2025-06-01 07:42:00,68.37
2025-06-01 07:43:00,66.51
2025-06-01 07:44:00,70.4
2025-06-01 07:45:00,73.11
2025-06-01 07:46:00,73.84
2025-06-01 07:47:00,82.84
2025-06-01 07:48:00,96.17
2025-06-01 07:49:00,71.38
2025-06-01 07:50:00,76.69
2025-06-01 07:51:00,94.22
2025-06-01 07:52:00,74.3
2025-06-01 07:53:00,76.25
2025-06-01 07:54:00,78.06
2025-06-01 07:55:00,74.29
2025-06-01 07:56:00,79.97
2025-06-01 07:57:00,71.21
2025-06-01 07:58:00,75.87
2025-06-01 07:59:00,86.31
2025-06-01 08:00:00,76.87
2025-06-01 08:01:00,81.78
2025-06-01 08:02:00,76.48
2025-06-01 08:03:00,78.5
2025-06-01 08:04:00,76.01
2025-06-01 08:05:00,75.62
2025-06-01 08:06:00,73.25
2025-06-01 08:07:00,78.15
2025-06-01 08:08:00,73.08
2025-06-01 08:09:00,79.21
2025-06-01 08:10:00,80.95
2025-06-01 08:11:00,78.14
2025-06-01 08:12:00,75.59
2025-06-01 08:13:00,78.61
2025-06-01 08:14:00,75.61
2025-06-01 08:15:00,80.65
2025-06-01 08:16:00,69.64
2025-06-01 08:17:00,75.68
2025-06-01 08:18:00,69.11
2025-06-01 08:19:00,71.15
2025-06-01 08:20:00,82.64
2025-06-01 08:21:00,80.83
2025-06-01 08:22:00,74.42
2025-06-01 08:23:00,71.34
2025-06-01 08:24:00,65.55
2025-06-01 08:25:00,75.29
2025-06-01 08:26:00,87.19
2025-06-01 08:27:00,79.3
2025-06-01 08:28:00,75.38
2025-06-01 08:29:00,79.53
2025-06-01 08:30:00,71.47
2025-06-01 08:31:00,76.58
2025-06-01 08:32:00,78.21
2025-06-01 08:33:00,77.52
2025-06-01 08:34:00,81.08
2025-06-01 08:35:00,79.34
2025-06-01 08:36:00,80.68
2025-06-01 08:37:00,75.3
2025-06-01 08:38:00,81.69
2025-06-01 08:39:00,84.66
2025-06-01 08:40:00,74.31
2025-06-01 08:41:00,74.68
2025-06-01 08:42:00,83.62
2025-06-01 08:43:00,77.56
2025-06-01 08:44:00,83.98
2025-06-01 08:45:00,76.64
2025-06-01 08:46:00,84.27
2025-06-01 08:47:00,79.02
2025-06-01 08:48:00,79.56
2025-06-01 08:49:00,84.83
2025-06-01 08:50:00,77.16
2025-06-01 08:51:00,74.89
2025-06-01 08:52:00,76.89
2025-06-01 08:53:00,80.54
2025-06-01 08:54:00,72.5
2025-06-01 08:55:00,81.35
2025-06-01 08:56:00,76.68
2025-06-01 08:57:00,83.46
2025-06-01 08:58:00,69.33
2025-06-01 08:59:00,75.8
2025-06-01 09:00:00,72.23
2025-06-01 09:01:00,75.71
2025-06-01 09:02:00,90.14
2025-06-01 09:03:00,78.36
2025-06-01 09:04:00,78.1
2025-06-01 09:05:00,78.5
2025-06-01 09:06:00,79.98
2025-06-01 09:07:00,75.17
2025-06-01 09:08:00,82.06
2025-06-01 09:09:00,81.91
2025-06-01 09:10:00,80.83
2025-06-01 09:11:00,81.54
2025-06-01 09:12:00,80.53
2025-06-01 09:13:00,87.51
2025-06-01 09:14:00,79.05
2025-06-01 09:15:00,78.2
2025-06-01 09:16:00,76.43
2025-06-01 09:17:00,75.34
2025-06-01 09:18:00,74.52
2025-06-01 09:19:00,75.97
2025-06-01 09:20:00,79.26
2025-06-01 09:21:00,80.9
2025-06-01 09:22:00,79.79
2025-06-01 09:23:00,76.55
2025-06-01 09:24:00,83.23
2025-06-01 09:25:00,82.61
2025-06-01 09:26:00,79.03
2025-06-01 09:27:00,77.08
2025-06-01 09:28:00,81.9
2025-06-01 09:29:00,80.48
2025-06-01 09:30:00,73.95
2025-06-01 09:31:00,89.53
2025-06-01 09:32:00,80.82
2025-06-01 09:33:00,76.19
2025-06-01 09:34:00,80.57
2025-06-01 09:35:00,74.0
2025-06-01 09:36:00,85.18
2025-06-01 09:37:00,84.84
2025-06-01 09:38:00,78.85
2025-06-01 09:39:00,81.33
2025-06-01 09:40:00,70.25
2025-06-01 09:41:00,75.27
2025-06-01 09:42:00,78.73
2025-06-01 09:43:00,75.63
2025-06-01 09:44:00,82.78
2025-06-01 09:45:00,87.92
2025-06-01 09:46:00,75.24
2025-06-01 09:47:00,76.6
2025-06-01 09:48:00,80.9
2025-06-01 09:49:00,86.41
2025-06-01 09:50:00,75.08
2025-06-01 09:51:00,80.97
2025-06-01 09:52:00,87.27
2025-06-01 09:53:00,73.38
2025-06-01 09:54:00,74.87
2025-06-01 09:55:00,78.3
2025-06-01 09:56:00,77.91
2025-06-01 09:57:00,83.25
2025-06-01 09:58:00,80.97
2025-06-01 09:59:00,72.9
2025-06-01 10:00:00,82.06
2025-06-01 10:01:00,77.69
2025-06-01 10:02:00,85.1
2025-06-01 10:03:00,77.49
2025-06-01 10:04:00,77.45
2025-06-01 10:05:00,82.16
2025-06-01 10:06:00,83.04
2025-06-01 10:07:00,81.78
2025-06-01 10:08:00,73.24
2025-06-01 10:09:00,82.13
2025-06-01 10:10:00,75.83
2025-06-01 10:11:00,80.91
2025-06-01 10:12:00,74.26
2025-06-01 10:13:00,81.74
2025-06-01 10:14:00,76.72
2025-06-01 10:15:00,74.81
2025-06-01 10:16:00,82.78
2025-06-01 10:17:00,80.88
2025-06-01 10:18:00,77.45
2025-06-01 10:19:00,85.7
2025-06-01 10:20:00,78.12
2025-06-01 10:21:00,80.0
2025-06-01 10:22:00,80.94
2025-06-01 10:23:00,77.37
2025-06-01 10:24:00,81.72
2025-06-01 10:25:00,77.69
2025-06-01 10:26:00,78.16
2025-06-01 10:27:00,85.24
2025-06-01 10:28:00,75.61
2025-06-01 10:29:00,70.11
2025-06-01 10:30:00,86.19
2025-06-01 10:31:00,89.92
2025-06-01 10:32:00,78.09
2025-06-01 10:33:00,71.94
2025-06-01 10:34:00,92.82
2025-06-01 10:35:00,78.51
2025-06-01 10:36:00,78.87
2025-06-01 10:37:00,75.16
2025-06-01 10:38:00,81.91
2025-06-01 10:39:00,81.66
2025-06-01 10:40:00,73.57
2025-06-01 10:41:00,82.32
2025-06-01 10:42:00,87.71
2025-06-01 10:43:00,80.16
2025-06-01 10:44:00,78.1
2025-06-01 10:45:00,78.86
2025-06-01 10:46:00,81.86
2025-06-01 10:47:00,72.45
2025-06-01 10:48:00,80.0
2025-06-01 10:49:00,77.76
2025-06-01 10:50:00,86.68
2025-06-01 10:51:00,78.56
2025-06-01 10:52:00,85.9
2025-06-01 10:53:00,74.79
2025-06-01 10:54:00,81.52
2025-06-01 10:55:00,80.42
2025-06-01 10:56:00,75.63
2025-06-01 10:57:00,79.79
2025-06-01 10:58:00,83.89
2025-06-01 10:59:00,77.72
2025-06-01 11:00:00,72.21
2025-06-01 11:01:00,78.87
2025-06-01 11:02:00,75.3
2025-06-01 11:03:00,77.5
2025-06-01 11:04:00,78.51
2025-06-01 11:05:00,71.98
2025-06-01 11:06:00,72.3
2025-06-01 11:07:00,80.66
2025-06-01 11:08:00,76.6
2025-06-01 11:09:00,68.39
2025-06-01 11:10:00,81.75
2025-06-01 11:11:00,79.66
2025-06-01 11:12:00,75.68
2025-06-01 11:13:00,73.22
2025-06-01 11:14:00,81.79
2025-06-01 11:15:00,79.81
2025-06-01 11:16:00,87.9
2025-06-01 11:17:00,80.0
2025-06-01 11:18:00,79.83
2025-06-01 11:19:00,77.57
2025-06-01 11:20:00,81.46
2025-06-01 11:21:00,80.65
2025-06-01 11:22:00,83.11
2025-06-01 11:23:00,75.97
2025-06-01 11:24:00,76.27
2025-06-01 11:25:00,76.04
2025-06-01 11:26:00,81.08
2025-06-01 11:27:00,83.86
2025-06-01 11:28:00,75.98
2025-06-01 11:29:00,76.07
2025-06-01 11:30:00,78.97
2025-06-01 11:31:00,76.68
2025-06-01 11:32:00,81.42
2025-06-01 11:33:00,68.56
2025-06-01 11:34:00,74.2
2025-06-01 11:35:00,74.33
2025-06-01 11:36:00,68.12
2025-06-01 11:37:00,73.5
2025-06-01 11:38:00,73.64
2025-06-01 11:39:00,76.44
2025-06-01 11:40:00,81.64
2025-06-01 11:41:00,76.15
2025-06-01 11:42:00,72.95
2025-06-01 11:43:00,76.79
2025-06-01 11:44:00,81.16
2025-06-01 11:45:00,73.0
2025-06-01 11:46:00,73.21
2025-06-01 11:47:00,79.02
2025-06-01 11:48:00,75.84
2025-06-01 11:49:00,79.26
2025-06-01 11:50:00,76.56
2025-06-01 11:51:00,79.36
2025-06-01 11:52:00,72.35
2025-06-01 11:53:00,76.38
2025-06-01 11:54:00,75.52
2025-06-01 11:55:00,71.44
2025-06-01 11:56:00,69.98
2025-06-01 11:57:00,78.92
2025-06-01 11:58:00,74.71
2025-06-01 11:59:00,71.96
2025-06-01 12:00:00,75.6
2025-06-01 12:01:00,80.43
2025-06-01 12:02:00,66.73
2025-06-01 12:03:00,69.8
2025-06-01 12:04:00,72.02
2025-06-01 12:05:00,81.49
2025-06-01 12:06:00,76.71
2025-06-01 12:07:00,78.58
2025-06-01 12:08:00,70.88
2025-06-01 12:09:00,70.89
2025-06-01 12:10:00,77.09
2025-06-01 12:11:00,75.46
2025-06-01 12:12:00,77.36
2025-06-01 12:13:00,74.34
2025-06-01 12:14:00,76.13
2025-06-01 12:15:00,75.58
2025-06-01 12:16:00,77.98
2025-06-01 12:17:00,78.03
2025-06-01 12:18:00,68.24
2025-06-01 12:19:00,65.66
2025-06-01 12:20:00,78.58
2025-06-01 12:21:00,79.25
2025-06-01 12:22:00,70.34
2025-06-01 12:23:00,66.91
2025-06-01 12:24:00,74.67
2025-06-01 12:25:00,77.92
2025-06-01 12:26:00,81.31
2025-06-01 12:27:00,76.1
2025-06-01 12:28:00,72.47
2025-06-01 12:29:00,70.31
2025-06-01 12:30:00,73.85
2025-06-01 12:31:00,72.52
2025-06-01 12:32:00,69.58
2025-06-01 12:33:00,81.75
2025-06-01 12:34:00,80.62
2025-06-01 12:35:00,77.94
2025-06-01 12:36:00,69.63
2025-06-01 12:37:00,76.65
2025-06-01 12:38:00,75.71
2025-06-01 12:39:00,74.84
2025-06-01 12:40:00,77.98
2025-06-01 12:41:00,75.44
2025-06-01 12:42:00,75.77
2025-06-01 12:43:00,75.27
2025-06-01 12:44:00,74.0
2025-06-01 12:45:00,65.42
2025-06-01 12:46:00,72.8
2025-06-01 12:47:00,70.16
2025-06-01 12:48:00,67.17
2025-06-01 12:49:00,78.93
2025-06-01 12:50:00,79.03
2025-06-01 12:51:00,77.47
2025-06-01 12:52:00,72.96
2025-06-01 12:53:00,77.25
2025-06-01 12:54:00,71.81
2025-06-01 12:55:00,72.48
2025-06-01 12:56:00,67.21
2025-06-01 12:57:00,73.08
2025-06-01 12:58:00,71.64
2025-06-01 12:59:00,66.09
2025-06-01 13:00:00,71.01
2025-06-01 13:01:00,70.8
2025-06-01 13:02:00,78.22
2025-06-01 13:03:00,74.51
2025-06-01 13:04:00,70.89
2025-06-01 13:05:00,71.74
2025-06-01 13:06:00,70.83
2025-06-01 13:07:00,69.74
2025-06-01 13:08:00,66.13
2025-06-01 13:09:00,69.76
2025-06-01 13:10:00,67.28
2025-06-01 13:11:00,65.17
2025-06-01 13:12:00,72.12
2025-06-01 13:13:00,71.54
2025-06-01 13:14:00,62.73
2025-06-01 13:15:00,69.29
2025-06-01 13:16:00,73.66
2025-06-01 13:17:00,73.82
2025-06-01 13:18:00,73.59
2025-06-01 13:19:00,69.54
2025-06-01 13:20:00,65.9
2025-06-01 13:21:00,64.85
2025-06-01 13:22:00,70.46
2025-06-01 13:23:00,70.5
2025-06-01 13:24:00,74.03
2025-06-01 13:25:00,73.18
2025-06-01 13:26:00,68.15
2025-06-01 13:27:00,63.6
2025-06-01 13:28:00,67.19
2025-06-01 13:29:00,69.24
2025-06-01 13:30:00,67.45
2025-06-01 13:31:00,65.85
2025-06-01 13:32:00,69.07
2025-06-01 13:33:00,65.93
2025-06-01 13:34:00,65.33
2025-06-01 13:35:00,68.99
2025-06-01 13:36:00,66.03
2025-06-01 13:37:00,68.5
2025-06-01 13:38:00,90.45
2025-06-01 13:39:00,62.76
2025-06-01 13:40:00,65.28
2025-06-01 13:41:00,72.85
2025-06-01 13:42:00,62.34
2025-06-01 13:43:00,58.42
2025-06-01 13:44:00,59.33
2025-06-01 13:45:00,66.78
2025-06-01 13:46:00,66.68
2025-06-01 13:47:00,65.98
2025-06-01 13:48:00,71.2
2025-06-01 13:49:00,55.54
2025-06-01 13:50:00,67.7
2025-06-01 13:51:00,72.25
2025-06-01 13:52:00,61.39
2025-06-01 13:53:00,64.27
2025-06-01 13:54:00,62.66
2025-06-01 13:55:00,61.99
2025-06-01 13:56:00,64.15
2025-06-01 13:57:00,71.05
2025-06-01 13:58:00,72.58
2025-06-01 13:59:00,63.77
2025-06-01 14:00:00,72.62
2025-06-01 14:01:00,65.03
2025-06-01 14:02:00,71.79
2025-06-01 14:03:00,64.29
2025-06-01 14:04:00,65.07
2025-06-01 14:05:00,65.89
2025-06-01 14:06:00,77.03
2025-06-01 14:07:00,67.6
2025-06-01 14:08:00,61.26
2025-06-01 14:09:00,67.84
2025-06-01 14:10:00,62.41
2025-06-01 14:11:00,61.78
2025-06-01 14:12:00,67.25
2025-06-01 14:13:00,63.63
2025-06-01 14:14:00,64.5
2025-06-01 14:15:00,63.32
2025-06-01 14:16:00,64.5
2025-06-01 14:17:00,64.73
2025-06-01 14:18:00,55.17
2025-06-01 14:19:00,65.46
2025-06-01 14:20:00,58.75
2025-06-01 14:21:00,56.79
2025-06-01 14:22:00,62.21
2025-06-01 14:23:00,62.66
2025-06-01 14:24:00,59.43
2025-06-01 14:25:00,65.41
2025-06-01 14:26:00,56.59
2025-06-01 14:27:00,60.21
2025-06-01 14:28:00,59.38
2025-06-01 14:29:00,61.41
2025-06-01 14:30:00,62.6
2025-06-01 14:31:00,57.33
2025-06-01 14:32:00,64.14
2025-06-01 14:33:00,61.37
2025-06-01 14:34:00,53.43
2025-06-01 14:35:00,53.04
2025-06-01 14:36:00,60.7
2025-06-01 14:37:00,59.74
2025-06-01 14:38:00,60.09
2025-06-01 14:39:00,60.27
2025-06-01 14:40:00,61.16
2025-06-01 14:41:00,63.93
2025-06-01 14:42:00,55.57
2025-06-01 14:43:00,55.2
2025-06-01 14:44:00,55.39
2025-06-01 14:45:00,60.8
2025-06-01 14:46:00,64.5
2025-06-01 14:47:00,57.67
2025-06-01 14:48:00,49.26
2025-06-01 14:49:00,52.33
2025-06-01 14:50:00,55.69
2025-06-01 14:51:00,56.67
2025-06-01 14:52:00,57.14
2025-06-01 14:53:00,58.8
2025-06-01 14:54:00,57.27
2025-06-01 14:55:00,62.59
2025-06-01 14:56:00,55.57
2025-06-01 14:57:00,54.69
2025-06-01 14:58:00,59.93
2025-06-01 14:59:00,51.75
2025-06-01 15:00:00,59.32
2025-06-01 15:01:00,58.05
2025-06-01 15:02:00,56.92
2025-06-01 15:03:00,74.2
2025-06-01 15:04:00,54.77
2025-06-01 15:05:00,65.37
2025-06-01 15:06:00,56.1
2025-06-01 15:07:00,51.77
2025-06-01 15:08:00,57.03
2025-06-01 15:09:00,52.32
2025-06-01 15:10:00,53.49
2025-06-01 15:11:00,57.95
2025-06-01 15:12:00,58.46
2025-06-01 15:13:00,70.67
2025-06-01 15:14:00,59.93
2025-06-01 15:15:00,60.48
2025-06-01 15:16:00,61.47
2025-06-01 15:17:00,57.71
2025-06-01 15:18:00,60.92
2025-06-01 15:19:00,47.82
2025-06-01 15:20:00,53.94
2025-06-01 15:21:00,51.61
2025-06-01 15:22:00,55.43
2025-06-01 15:23:00,52.54
2025-06-01 15:24:00,54.03
2025-06-01 15:25:00,62.09
2025-06-01 15:26:00,53.76
2025-06-01 15:27:00,55.96
2025-06-01 15:28:00,53.25
2025-06-01 15:29:00,54.35
2025-06-01 15:30:00,53.94
2025-06-01 15:31:00,55.58
2025-06-01 15:32:00,58.32
2025-06-01 15:33:00,60.12
2025-06-01 15:34:00,54.63
2025-06-01 15:35:00,55.62
2025-06-01 15:36:00,48.53
2025-06-01 15:37:00,52.65
2025-06-01 15:38:00,56.64
2025-06-01 15:39:00,56.21
2025-06-01 15:40:00,53.46
2025-06-01 15:41:00,56.03
2025-06-01 15:42:00,54.32
2025-06-01 15:43:00,57.02
2025-06-01 15:44:00,53.25
2025-06-01 15:45:00,50.54
2025-06-01 15:46:00,53.17
2025-06-01 15:47:00,39.98
2025-06-01 15:48:00,53.1
2025-06-01 15:49:00,36.85
2025-06-01 15:50:00,44.41
2025-06-01 15:51:00,52.98
2025-06-01 15:52:00,52.96
2025-06-01 15:53:00,46.27
2025-06-01 15:54:00,47.94
2025-06-01 15:55:00,56.14
2025-06-01 15:56:00,48.59
2025-06-01 15:57:00,59.36
2025-06-01 15:58:00,50.25
2025-06-01 15:59:00,51.76
2025-06-01 16:00:00,56.47
2025-06-01 16:01:00,50.39
2025-06-01 16:02:00,45.73
2025-06-01 16:03:00,49.17
2025-06-01 16:04:00,49.33
2025-06-01 16:05:00,43.89
2025-06-01 16:06:00,48.19
2025-06-01 16:07:00,46.12
2025-06-01 16:08:00,52.65
2025-06-01 16:09:00,48.96
2025-06-01 16:10:00,47.56
2025-06-01 16:11:00,48.14
2025-06-01 16:12:00,49.32
2025-06-01 16:13:00,50.77
2025-06-01 16:14:00,44.17
2025-06-01 16:15:00,43.87
2025-06-01 16:16:00,52.33
2025-06-01 16:17:00,46.13
2025-06-01 16:18:00,41.98
2025-06-01 16:19:00,49.29
2025-06-01 16:20:00,49.24
2025-06-01 16:21:00,41.13
2025-06-01 16:22:00,48.04
2025-06-01 16:23:00,49.94
2025-06-01 16:24:00,48.36
2025-06-01 16:25:00,49.26
2025-06-01 16:26:00,40.99
2025-06-01 16:27:00,47.8
2025-06-01 16:28:00,45.13
2025-06-01 16:29:00,44.28
2025-06-01 16:30:00,49.57
2025-06-01 16:31:00,51.87
2025-06-01 16:32:00,53.0
2025-06-01 16:33:00,50.95
2025-06-01 16:34:00,45.13
2025-06-01 16:35:00,46.85
2025-06-01 16:36:00,48.37
2025-06-01 16:37:00,45.66
2025-06-01 16:38:00,45.57
2025-06-01 16:39:00,48.21
2025-06-01 16:40:00,44.55
2025-06-01 16:41:00,41.74
2025-06-01 16:42:00,42.88
2025-06-01 16:43:00,46.94
2025-06-01 16:44:00,44.29
2025-06-01 16:45:00,45.51
2025-06-01 16:46:00,46.7
2025-06-01 16:47:00,42.39
2025-06-01 16:48:00,46.79
2025-06-01 16:49:00,45.15
2025-06-01 16:50:00,38.57
2025-06-01 16:51:00,49.15
2025-06-01 16:52:00,41.25
2025-06-01 16:53:00,36.5
2025-06-01 16:54:00,38.82
2025-06-01 16:55:00,38.79
2025-06-01 16:56:00,42.95
2025-06-01 16:57:00,41.52
2025-06-01 16:58:00,41.14
2025-06-01 16:59:00,44.84
2025-06-01 17:00:00,43.59
2025-06-01 17:01:00,43.37
2025-06-01 17:02:00,43.62
2025-06-01 17:03:00,44.32
2025-06-01 17:04:00,33.3
2025-06-01 17:05:00,40.15
2025-06-01 17:06:00,32.76
2025-06-01 17:07:00,41.5
2025-06-01 17:08:00,41.21
2025-06-01 17:09:00,45.29
2025-06-01 17:10:00,45.73
2025-06-01 17:11:00,41.67
2025-06-01 17:12:00,38.73
2025-06-01 17:13:00,42.55
2025-06-01 17:14:00,38.37
2025-06-01 17:15:00,40.35
2025-06-01 17:16:00,44.18
2025-06-01 17:17:00,37.88
2025-06-01 17:18:00,43.21
2025-06-01 17:19:00,42.57
2025-06-01 17:20:00,35.92
2025-06-01 17:21:00,43.51
2025-06-01 17:22:00,42.29
2025-06-01 17:23:00,39.78
2025-06-01 17:24:00,36.2
2025-06-01 17:25:00,35.69
2025-06-01 17:26:00,36.85
2025-06-01 17:27:00,41.05
2025-06-01 17:28:00,34.94
2025-06-01 17:29:00,40.39
2025-06-01 17:30:00,33.55
2025-06-01 17:31:00,37.58
2025-06-01 17:32:00,38.72
2025-06-01 17:33:00,60.89
2025-06-01 17:34:00,32.53
2025-06-01 17:35:00,43.81
2025-06-01 17:36:00,38.4
2025-06-01 17:37:00,39.32
2025-06-01 17:38:00,55.43
2025-06-01 17:39:00,39.22
2025-06-01 17:40:00,36.71
2025-06-01 17:41:00,43.02
2025-06-01 17:42:00,35.26
2025-06-01 17:43:00,41.5
2025-06-01 17:44:00,34.27
2025-06-01 17:45:00,36.49
2025-06-01 17:46:00,32.33
2025-06-01 17:47:00,38.32
2025-06-01 17:48:00,42.16
2025-06-01 17:49:00,35.95
2025-06-01 17:50:00,35.36
2025-06-01 17:51:00,31.57
2025-06-01 17:52:00,35.0
2025-06-01 17:53:00,29.43
2025-06-01 17:54:00,32.03
2025-06-01 17:55:00,36.48
2025-06-01 17:56:00,40.73
2025-06-01 17:57:00,46.58
2025-06-01 17:58:00,32.88
2025-06-01 17:59:00,40.85
2025-06-01 18:00:00,35.98
2025-06-01 18:01:00,34.28
2025-06-01 18:02:00,36.5
2025-06-01 18:03:00,34.91
2025-06-01 18:04:00,34.99
2025-06-01 18:05:00,32.8
2025-06-01 18:06:00,28.73
2025-06-01 18:07:00,28.04
2025-06-01 18:08:00,36.72
2025-06-01 18:09:00,32.88
2025-06-01 18:10:00,45.45
2025-06-01 18:11:00,33.8
2025-06-01 18:12:00,36.84
2025-06-01 18:13:00,34.27
2025-06-01 18:14:00,30.82
2025-06-01 18:15:00,38.24
2025-06-01 18:16:00,39.54
2025-06-01 18:17:00,35.09
2025-06-01 18:18:00,36.9
2025-06-01 18:19:00,37.87
2025-06-01 18:20:00,37.31
2025-06-01 18:21:00,35.14
2025-06-01 18:22:00,34.97
2025-06-01 18:23:00,34.55
2025-06-01 18:24:00,49.92
2025-06-01 18:25:00,35.06
2025-06-01 18:26:00,26.73
2025-06-01 18:27:00,28.87
2025-06-01 18:28:00,37.16
2025-06-01 18:29:00,35.2
2025-06-01 18:30:00,37.69
2025-06-01 18:31:00,30.55
2025-06-01 18:32:00,26.92
2025-06-01 18:33:00,30.47
2025-06-01 18:34:00,31.73
2025-06-01 18:35:00,31.54
2025-06-01 18:36:00,35.66
2025-06-01 18:37:00,29.57
2025-06-01 18:38:00,32.33
2025-06-01 18:39:00,26.86
2025-06-01 18:40:00,32.52
2025-06-01 18:41:00,30.63
2025-06-01 18:42:00,27.52
2025-06-01 18:43:00,29.47
2025-06-01 18:44:00,29.58
2025-06-01 18:45:00,29.14
2025-06-01 18:46:00,37.21
2025-06-01 18:47:00,29.63
2025-06-01 18:48:00,28.95
2025-06-01 18:49:00,21.44
2025-06-01 18:50:00,26.16
2025-06-01 18:51:00,28.58
2025-06-01 18:52:00,26.8
2025-06-01 18:53:00,34.97
2025-06-01 18:54:00,28.69
2025-06-01 18:55:00,34.41
2025-06-01 18:56:00,29.41
2025-06-01 18:57:00,29.22
2025-06-01 18:58:00,28.62
2025-06-01 18:59:00,28.89
2025-06-01 19:00:00,35.66
2025-06-01 19:01:00,19.42
2025-06-01 19:02:00,20.6
2025-06-01 19:03:00,26.34
2025-06-01 19:04:00,28.48
2025-06-01 19:05:00,31.09
2025-06-01 19:06:00,30.13
2025-06-01 19:07:00,26.61
2025-06-01 19:08:00,32.14
2025-06-01 19:09:00,32.09
2025-06-01 19:10:00,28.62
2025-06-01 19:11:00,31.64
2025-06-01 19:12:00,28.8
2025-06-01 19:13:00,25.37
2025-06-01 19:14:00,30.32
2025-06-01 19:15:00,27.89
2025-06-01 19:16:00,27.36
2025-06-01 19:17:00,33.16
2025-06-01 19:18:00,17.38
2025-06-01 19:19:00,21.43
2025-06-01 19:20:00,22.27
2025-06-01 19:21:00,25.48
2025-06-01 19:22:00,25.83
2025-06-01 19:23:00,20.74
2025-06-01 19:24:00,22.74
2025-06-01 19:25:00,23.16
2025-06-01 19:26:00,36.35
2025-06-01 19:27:00,33.65
2025-06-01 19:28:00,24.71
2025-06-01 19:29:00,24.82
2025-06-01 19:30:00,21.6
2025-06-01 19:31:00,18.49
2025-06-01 19:32:00,25.57
2025-06-01 19:33:00,21.97
2025-06-01 19:34:00,25.54
2025-06-01 19:35:00,19.41
2025-06-01 19:36:00,22.68
2025-06-01 19:37:00,26.25
2025-06-01 19:38:00,27.04
2025-06-01 19:39:00,27.17
2025-06-01 19:40:00,20.14
2025-06-01 19:41:00,28.77
2025-06-01 19:42:00,22.08
2025-06-01 19:43:00,27.73
2025-06-01 19:44:00,25.09
2025-06-01 19:45:00,19.55
2025-06-01 19:46:00,23.72
2025-06-01 19:47:00,26.37
2025-06-01 19:48:00,27.29
2025-06-01 19:49:00,24.2
2025-06-01 19:50:00,30.83
2025-06-01 19:51:00,28.66
2025-06-01 19:52:00,23.53
2025-06-01 19:53:00,27.49
2025-06-01 19:54:00,32.16
2025-06-01 19:55:00,32.19
2025-06-01 19:56:00,19.37
2025-06-01 19:57:00,20.51
2025-06-01 19:58:00,30.09
2025-06-01 19:59:00,19.85
2025-06-01 20:00:00,18.73
2025-06-01 20:01:00,22.01
2025-06-01 20:02:00,25.57
2025-06-01 20:03:00,23.42
2025-06-01 20:04:00,21.16
2025-06-01 20:05:00,21.0
2025-06-01 20:06:00,20.79
2025-06-01 20:07:00,20.06
2025-06-01 20:08:00,32.64
2025-06-01 20:09:00,24.64
2025-06-01 20:10:00,26.94
2025-06-01 20:11:00,21.37
2025-06-01 20:12:00,22.53
2025-06-01 20:13:00,20.36
2025-06-01 20:14:00,12.55
2025-06-01 20:15:00,17.58
2025-06-01 20:16:00,15.79
2025-06-01 20:17:00,13.98
2025-06-01 20:18:00,18.14
2025-06-01 20:19:00,28.17
2025-06-01 20:20:00,22.63
2025-06-01 20:21:00,27.92
2025-06-01 20:22:00,24.35
2025-06-01 20:23:00,25.78
2025-06-01 20:24:00,18.99
2025-06-01 20:25:00,24.64
2025-06-01 20:26:00,25.4
2025-06-01 20:27:00,20.13
2025-06-01 20:28:00,24.62
2025-06-01 20:29:00,24.6
2025-06-01 20:30:00,20.09
2025-06-01 20:31:00,17.74
2025-06-01 20:32:00,17.45
2025-06-01 20:33:00,22.48
2025-06-01 20:34:00,23.4
2025-06-01 20:35:00,18.87
2025-06-01 20:36:00,22.1
2025-06-01 20:37:00,24.23
2025-06-01 20:38:00,41.14
2025-06-01 20:39:00,28.06
2025-06-01 20:40:00,26.92
2025-06-01 20:41:00,17.76
2025-06-01 20:42:00,28.46
2025-06-01 20:43:00,19.55
2025-06-01 20:44:00,25.81
2025-06-01 20:45:00,21.86
2025-06-01 20:46:00,19.9
2025-06-01 20:47:00,14.28
2025-06-01 20:48:00,20.78
2025-06-01 20:49:00,15.19
2025-06-01 20:50:00,49.69
2025-06-01 20:51:00,27.42
2025-06-01 20:52:00,18.12
2025-06-01 20:53:00,22.48
2025-06-01 20:54:00,18.33
2025-06-01 20:55:00,18.68
2025-06-01 20:56:00,24.26
2025-06-01 20:57:00,20.97
2025-06-01 20:58:00,28.05
2025-06-01 20:59:00,19.13
2025-06-01 21:00:00,25.02
2025-06-01 21:01:00,21.38
2025-06-01 21:02:00,24.14
2025-06-01 21:03:00,19.13
2025-06-01 21:04:00,20.69
2025-06-01 21:05:00,20.4
2025-06-01 21:06:00,17.48
2025-06-01 21:07:00,23.45
2025-06-01 21:08:00,23.37
2025-06-01 21:09:00,23.11
2025-06-01 21:10:00,26.86
2025-06-01 21:11:00,26.48
2025-06-01 21:12:00,19.16
2025-06-01 21:13:00,22.12
2025-06-01 21:14:00,18.11
2025-06-01 21:15:00,20.67
2025-06-01 21:16:00,18.15
2025-06-01 21:17:00,27.01
2025-06-01 21:18:00,21.96
2025-06-01 21:19:00,19.61
2025-06-01 21:20:00,25.23
2025-06-01 21:21:00,11.75
2025-06-01 21:22:00,12.36
2025-06-01 21:23:00,23.57
2025-06-01 21:24:00,20.61
2025-06-01 21:25:00,21.35
2025-06-01 21:26:00,15.02
2025-06-01 21:27:00,20.22
2025-06-01 21:28:00,28.31
2025-06-01 21:29:00,23.57
2025-06-01 21:30:00,20.94
2025-06-01 21:31:00,18.48
2025-06-01 21:32:00,18.65
2025-06-01 21:33:00,11.69
2025-06-01 21:34:00,21.22
2025-06-01 21:35:00,23.56
2025-06-01 21:36:00,13.86
2025-06-01 21:37:00,17.51
2025-06-01 21:38:00,15.51
2025-06-01 21:39:00,16.26
2025-06-01 21:40:00,20.33
2025-06-01 21:41:00,11.77
2025-06-01 21:42:00,22.55
2025-06-01 21:43:00,23.1
2025-06-01 21:44:00,19.07
2025-06-01 21:45:00,10.14
2025-06-01 21:46:00,16.07
2025-06-01 21:47:00,24.98
2025-06-01 21:48:00,8.93
2025-06-01 21:49:00,18.64
2025-06-01 21:50:00,15.31
2025-06-01 21:51:00,23.24
2025-06-01 21:52:00,17.32
2025-06-01 21:53:00,21.63
2025-06-01 21:54:00,22.27
2025-06-01 21:55:00,27.35
2025-06-01 21:56:00,19.19
2025-06-01 21:57:00,21.51
2025-06-01 21:58:00,14.06
2025-06-01 21:59:00,24.76
2025-06-01 22:00:00,16.96
2025-06-01 22:01:00,17.76
2025-06-01 22:02:00,19.91
2025-06-01 22:03:00,13.75
2025-06-01 22:04:00,20.92
2025-06-01 22:05:00,23.88
2025-06-01 22:06:00,21.18
2025-06-01 22:07:00,13.66
2025-06-01 22:08:00,19.52
2025-06-01 22:09:00,22.99
2025-06-01 22:10:00,12.52
2025-06-01 22:11:00,15.74
2025-06-01 22:12:00,23.55
2025-06-01 22:13:00,21.13
2025-06-01 22:14:00,21.7
2025-06-01 22:15:00,27.5
2025-06-01 22:16:00,21.95
2025-06-01 22:17:00,22.71
2025-06-01 22:18:00,30.94
2025-06-01 22:19:00,19.25
2025-06-01 22:20:00,16.92
2025-06-01 22:21:00,21.84
2025-06-01 22:22:00,21.89
2025-06-01 22:23:00,18.04
2025-06-01 22:24:00,16.03
2025-06-01 22:25:00,29.42
2025-06-01 22:26:00,21.5
2025-06-01 22:27:00,17.28
2025-06-01 22:28:00,23.89
2025-06-01 22:29:00,19.8
2025-06-01 22:30:00,19.25
2025-06-01 22:31:00,22.52
2025-06-01 22:32:00,15.12
2025-06-01 22:33:00,21.72
2025-06-01 22:34:00,27.98
2025-06-01 22:35:00,22.21
2025-06-01 22:36:00,18.86
2025-06-01 22:37:00,18.36
2025-06-01 22:38:00,18.77
2025-06-01 22:39:00,19.42
2025-06-01 22:40:00,18.94
2025-06-01 22:41:00,24.14
2025-06-01 22:42:00,13.57
2025-06-01 22:43:00,23.97
2025-06-01 22:44:00,19.03
2025-06-01 22:45:00,22.08
2025-06-01 22:46:00,16.09
2025-06-01 22:47:00,25.94
2025-06-01 22:48:00,25.64
2025-06-01 22:49:00,24.52
2025-06-01 22:50:00,14.65
2025-06-01 22:51:00,24.06
2025-06-01 22:52:00,22.39
2025-06-01 22:53:00,14.38
2025-06-01 22:54:00,20.73
2025-06-01 22:55:00,22.32
2025-06-01 22:56:00,23.12
2025-06-01 22:57:00,21.63
2025-06-01 22:58:00,22.12
2025-06-01 22:59:00,26.88
2025-06-01 23:00:00,25.93
2025-06-01 23:01:00,9.59
2025-06-01 23:02:00,19.82
2025-06-01 23:03:00,20.47
2025-06-01 23:04:00,14.15
2025-06-01 23:05:00,21.58
2025-06-01 23:06:00,26.23
2025-06-01 23:07:00,16.93
2025-06-01 23:08:00,22.66
2025-06-01 23:09:00,17.69
2025-06-01 23:10:00,18.7
2025-06-01 23:11:00,27.34
2025-06-01 23:12:00,19.3
2025-06-01 23:13:00,23.36
2025-06-01 23:14:00,14.07
2025-06-01 23:15:00,29.04
2025-06-01 23:16:00,24.05
2025-06-01 23:17:00,20.95
2025-06-01 23:18:00,24.02
2025-06-01 23:19:00,32.08
2025-06-01 23:20:00,26.54
2025-06-01 23:21:00,20.56
2025-06-01 23:22:00,21.08
2025-06-01 23:23:00,19.98
2025-06-01 23:24:00,19.67
2025-06-01 23:25:00,24.82
2025-06-01 23:26:00,23.11
2025-06-01 23:27:00,24.74
2025-06-01 23:28:00,22.15
2025-06-01 23:29:00,24.29
2025-06-01 23:30:00,20.61
2025-06-01 23:31:00,31.25
2025-06-01 23:32:00,16.11
2025-06-01 23:33:00,27.48
2025-06-01 23:34:00,27.96
2025-06-01 23:35:00,19.13
2025-06-01 23:36:00,31.51
2025-06-01 23:37:00,26.63
2025-06-01 23:38:00,26.59
2025-06-01 23:39:00,22.87
2025-06-01 23:40:00,21.94
2025-06-01 23:41:00,22.03
2025-06-01 23:42:00,24.48
2025-06-01 23:43:00,28.58
2025-06-01 23:44:00,23.76
2025-06-01 23:45:00,19.45
2025-06-01 23:46:00,26.45
2025-06-01 23:47:00,26.9
2025-06-01 23:48:00,25.89
2025-06-01 23:49:00,26.31
2025-06-01 23:50:00,22.31
2025-06-01 23:51:00,19.73
2025-06-01 23:52:00,20.04
2025-06-01 23:53:00,17.03
2025-06-01 23:54:00,24.58
2025-06-01 23:55:00,23.36
2025-06-01 23:56:00,22.0
2025-06-01 23:57:00,12.0
2025-06-01 23:58:00,18.9
2025-06-01 23:59:00,28.44
